{"_runtime":239.490109215,"_step":0,"val_loss":5.413487434387207,"step":1770,"_wandb":{"runtime":240},"_timestamp":1.7481737725990767e+09}