{"step":0,"_wandb":{"runtime":801},"_timestamp":1.7481627201839893e+09,"_runtime":60.454159257,"_step":0,"val_loss":10.825798988342285}