{"val_loss":5.442479133605957,"step":1770,"_timestamp":1.748181638695963e+09,"_runtime":603.308679796,"_wandb":{"runtime":605},"_step":36}