{"_wandb":{"runtime":241},"step":1770,"_timestamp":1.7481715401095152e+09,"_runtime":240.305759511,"_step":0,"val_loss":5.503519058227539}