{"_step":15,"val_loss":3.430586338043213,"step":1770,"_timestamp":1.748368985870954e+09,"_runtime":1562.017711979,"_wandb":{"runtime":1564}}