{"_step":36,"val_loss":5.398717880249023,"step":1770,"_wandb":{"runtime":602},"_timestamp":1.748208405023389e+09,"_runtime":601.093966546}