{"step":1770,"_timestamp":1.7481700441254964e+09,"_wandb":{"runtime":282},"_runtime":282.091211059,"_step":0,"val_loss":5.405864715576172}