{"_step":0,"val_loss":5.434924602508545,"step":1770,"_timestamp":1.748166341306228e+09,"_runtime":488.815028329,"_wandb":{"runtime":490}}