{"_wandb":{"runtime":598},"val_loss":5.35692024230957,"step":1770,"_timestamp":1.7481810263989177e+09,"_runtime":597.024941953,"_step":36}