{"_timestamp":1.7483810117174597e+09,"_wandb":{"runtime":1483},"_runtime":1481.552071596,"_step":15,"val_loss":3.4314754009246826,"step":1770}