{"step":1770,"_timestamp":1.7483795208190231e+09,"_runtime":1481.018340384,"_wandb":{"runtime":1482},"_step":15,"val_loss":3.428798198699951}