{"_wandb":{"runtime":396},"val_loss":5.4838666915893555,"step":1770,"_timestamp":1.7481653440362673e+09,"_runtime":394.518233367,"_step":0}