{"_runtime":1548.773571559,"_wandb":{"runtime":1550},"_step":36,"val_loss":6.653318405151367,"step":1770,"_timestamp":1.748150948099648e+09}