{"_step":36,"val_loss":5.265824317932129,"step":1770,"_timestamp":1.7481798038205972e+09,"_runtime":602.523680073,"_wandb":{"runtime":604}}