{"_wandb":{"runtime":284},"val_loss":5.58758020401001,"step":1770,"_timestamp":1.7481682804211116e+09,"_runtime":282.884897046,"_step":0}