{"step":1770,"_timestamp":1.7482650374380777e+09,"_runtime":584.088250098,"_wandb":{"runtime":585},"_step":36,"val_loss":5.234461784362793}