{"_wandb":{"runtime":597},"_timestamp":1.7481892195001295e+09,"_runtime":595.635819287,"_step":36,"val_loss":5.68873405456543,"step":1770}