{"_wandb":{"runtime":1494},"_step":15,"val_loss":3.4316911697387695,"step":1770,"_timestamp":1.7484080177866266e+09,"_runtime":1492.967504658}