{"_step":36,"_wandb":{"runtime":603},"val_loss":5.4282732009887695,"step":1770,"_timestamp":1.748207184933254e+09,"_runtime":601.912458163}