{"_timestamp":1.748375057202445e+09,"_wandb":{"runtime":1485},"_runtime":1484.074266978,"_step":15,"val_loss":3.4344916343688965,"step":1770}