{"step":1770,"_wandb":{"runtime":1179},"_timestamp":1.7482634501734061e+09,"_runtime":1178.026982992,"_step":36,"val_loss":5.191485404968262}