{"step":1770,"_timestamp":1.7484025450947285e+09,"_runtime":1485.614411101,"_step":15,"_wandb":{"runtime":1487},"val_loss":3.433666229248047}