{"step":1770,"_timestamp":1.7484095224235308e+09,"_runtime":1495.11091606,"_step":15,"_wandb":{"runtime":1497},"val_loss":3.418283462524414}