{"_wandb":{"runtime":1481},"_runtime":1479.583464132,"_step":15,"val_loss":3.425015449523926,"step":1770,"_timestamp":1.7483780303267083e+09}