{"step":1770,"_timestamp":1.7481916582059557e+09,"_runtime":601.384596384,"_step":36,"_wandb":{"runtime":603},"val_loss":5.761810302734375}