{"_step":0,"val_loss":5.5005035400390625,"step":1770,"_timestamp":1.748172779308692e+09,"_runtime":238.426592564,"_wandb":{"runtime":239}}