{"val_loss":5.252924919128418,"step":1770,"_timestamp":1.7482668274491174e+09,"_runtime":579.504898412,"_step":36,"_wandb":{"runtime":580}}