{"_runtime":497.476524082,"_step":0,"_wandb":{"runtime":499},"val_loss":5.5501322746276855,"step":1770,"_timestamp":1.7481668486560154e+09}