{"_runtime":935.168386319,"_step":36,"_wandb":{"runtime":936},"val_loss":5.424050807952881,"step":1770,"_timestamp":1.7481572731679847e+09}