{"step":1770,"_timestamp":1.7481959077359598e+09,"_runtime":578.237145337,"_step":36,"val_loss":5.62478494644165,"_wandb":{"runtime":580}}