{"val_loss":5.454654216766357,"_wandb":{"runtime":609},"step":1770,"_timestamp":1.7481804203739927e+09,"_runtime":607.403095219,"_step":36}