{"_runtime":1482.719429207,"_step":36,"val_loss":6.503697395324707,"step":1770,"_wandb":{"runtime":1484},"_timestamp":1.748284728009916e+09}