{"_runtime":490.559340493,"_step":0,"val_loss":5.606029987335205,"_wandb":{"runtime":491},"step":1770,"_timestamp":1.7481658436091187e+09}