{"_timestamp":1.7481712918474092e+09,"_runtime":240.103534348,"_wandb":{"runtime":241},"_step":0,"val_loss":5.568204879760742,"step":1770}