{"val_loss":5.6400861740112305,"step":1770,"_wandb":{"runtime":240},"_timestamp":1.7481725326930444e+09,"_runtime":239.918846246,"_step":0}