{"step":1770,"_timestamp":1.7481886143865304e+09,"_runtime":609.946177325,"_step":36,"_wandb":{"runtime":611},"val_loss":5.416338920593262}