{"_runtime":602.575300166,"_step":36,"val_loss":5.557431697845459,"step":1770,"_wandb":{"runtime":604},"_timestamp":1.7481922705978925e+09}