{"_wandb":{"runtime":333},"step":1770,"_timestamp":1.7481676928168137e+09,"_runtime":331.310075271,"_step":0,"val_loss":5.440640449523926}