{"_step":36,"val_loss":6.574957370758057,"step":1770,"_wandb":{"runtime":1482},"_timestamp":1.7482771593246896e+09,"_runtime":1480.397400842}