{"_wandb":{"runtime":608},"_step":36,"val_loss":5.6569929122924805,"step":1770,"_timestamp":1.7481934959717836e+09,"_runtime":607.057271877}