{"val_loss":5.21713399887085,"step":1770,"_timestamp":1.748265628202414e+09,"_runtime":581.105371055,"_wandb":{"runtime":582},"_step":36}