{"step":1770,"_timestamp":1.748399795048299e+09,"_runtime":1474.900001749,"_step":15,"_wandb":{"runtime":1476},"val_loss":3.4316203594207764}