{"_wandb":{"runtime":378},"val_loss":5.465773582458496,"step":1770,"_timestamp":1.748163867760751e+09,"_runtime":376.456818629,"_step":0}