{"_wandb":{"runtime":1502},"val_loss":6.487390041351318,"step":1770,"_timestamp":1.7483339912152042e+09,"_runtime":1500.259951395,"_step":36}