{"_timestamp":1.74819471054075e+09,"_runtime":597.265518975,"_step":36,"_wandb":{"runtime":598},"val_loss":5.486789703369141,"step":1770}