{"step":1770,"_wandb":{"runtime":1485},"_timestamp":1.7484170061564825e+09,"_runtime":1483.520099616,"_step":15,"val_loss":3.4404356479644775}