{"_wandb":{"runtime":1505},"_step":15,"val_loss":3.427067279815674,"step":1770,"_timestamp":1.7483720799987109e+09,"_runtime":1504.059572108}