{"_wandb":{"runtime":1734},"val_loss":3.40848970413208,"step":1770,"_timestamp":1.7483511508830245e+09,"_runtime":1731.581340343,"_step":15}