{"_step":36,"_wandb":{"runtime":602},"val_loss":5.5691633224487305,"step":1770,"_timestamp":1.74819043574601e+09,"_runtime":600.590270776}