{"_timestamp":1.7481871276860723e+09,"_runtime":597.182831659,"_step":36,"_wandb":{"runtime":598},"val_loss":5.383305549621582,"step":1770}