{"_runtime":603.01709743,"_wandb":{"runtime":604},"_step":36,"val_loss":5.365667343139648,"step":1770,"_timestamp":1.74820534805378e+09}