{"step":1770,"_timestamp":1.748167988330642e+09,"_runtime":286.543956534,"_step":0,"_wandb":{"runtime":288},"val_loss":5.616461277008057}