{"_timestamp":1.7484140146257758e+09,"_runtime":1487.472875404,"_step":15,"_wandb":{"runtime":1489},"val_loss":3.4276130199432373,"step":1770}