{"_step":36,"val_loss":5.368068695068359,"step":1770,"_wandb":{"runtime":603},"_timestamp":1.748185910986494e+09,"_runtime":601.451530362}