{"_runtime":598.470916946,"_step":36,"_wandb":{"runtime":600},"val_loss":5.476107120513916,"step":1770,"_timestamp":1.748189826536441e+09}