{"_timestamp":1.7481702959359653e+09,"_runtime":244.050264938,"_step":0,"_wandb":{"runtime":245},"val_loss":5.522265434265137,"step":1770}