{"_step":36,"val_loss":5.3834428787231445,"step":1770,"_timestamp":1.7482077950756338e+09,"_wandb":{"runtime":603},"_runtime":601.440881913}