{"_step":36,"_wandb":{"runtime":602},"val_loss":5.545087814331055,"step":1770,"_timestamp":1.7482090148380122e+09,"_runtime":601.027975688}