{"_step":15,"val_loss":3.4330790042877197,"step":1770,"_timestamp":1.7484155138391795e+09,"_wandb":{"runtime":1490},"_runtime":1489.479171469}