{"_timestamp":1.7484065150601215e+09,"_runtime":1397.230296293,"_step":15,"val_loss":5.751365661621094,"_wandb":{"runtime":1399},"step":1770}