{"step":1770,"_timestamp":1.7481688759988244e+09,"_runtime":292.342813201,"_step":0,"_wandb":{"runtime":293},"val_loss":5.5752973556518555}