{"val_loss":5.4471235275268555,"step":1770,"_timestamp":1.7481730281778367e+09,"_runtime":239.791391661,"_step":0,"_wandb":{"runtime":240}}