{"_runtime":599.043998521,"_step":36,"val_loss":5.444222450256348,"step":1770,"_wandb":{"runtime":600},"_timestamp":1.748205956556417e+09}