{"step":1770,"_timestamp":1.7481710432218857e+09,"_runtime":239.721921919,"_step":0,"_wandb":{"runtime":241},"val_loss":5.450422763824463}