{"step":1770,"_timestamp":1.7481879959848654e+09,"_runtime":599.842729911,"_step":36,"_wandb":{"runtime":601},"val_loss":5.422582626342773}