{"val_loss":6.183316230773926,"step":1770,"_timestamp":1.7481589832767487e+09,"_runtime":853.318014547,"_step":36,"_wandb":{"runtime":854}}