{"val_loss":5.480917930603027,"step":1770,"_timestamp":1.7481910475141714e+09,"_runtime":602.497377283,"_step":36,"_wandb":{"runtime":604}}