{"_timestamp":1.748411021902705e+09,"_runtime":1489.483879142,"_step":15,"val_loss":3.4194464683532715,"_wandb":{"runtime":1491},"step":1770}