{"val_loss":5.254044532775879,"_wandb":{"runtime":794},"step":1770,"_timestamp":1.748267629150296e+09,"_runtime":793.011689986,"_step":36}