{"_wandb":{"runtime":1483},"val_loss":3.4874329566955566,"step":1770,"_timestamp":1.7484199949405575e+09,"_runtime":1482.402314646,"_step":15}