{"_wandb":{"runtime":289},"step":1770,"_timestamp":1.7481691729068344e+09,"_runtime":287.904472712,"_step":0,"val_loss":5.420036792755127}