{"_timestamp":1.7482801847932916e+09,"_runtime":1489.632918158,"_wandb":{"runtime":1492},"_step":36,"val_loss":6.522665500640869,"step":1770}