{"_wandb":{"runtime":282},"_timestamp":1.7481694626215966e+09,"_runtime":281.460281433,"_step":0,"val_loss":5.573321342468262,"step":1770}