{"_step":36,"_wandb":{"runtime":603},"val_loss":5.459770679473877,"step":1770,"_timestamp":1.7481865215201178e+09,"_runtime":601.812351256}