{"_runtime":1474.25463298,"_step":15,"_wandb":{"runtime":1476},"val_loss":3.428650140762329,"step":1770,"_timestamp":1.748376540868017e+09}