{"val_loss":6.24191427230835,"step":850,"_timestamp":1.7482637730545242e+09,"_runtime":313.754409814,"_wandb":{"runtime":314},"_step":17}