{"step":1770,"_timestamp":1.7483735636719728e+09,"_runtime":1474.167553378,"_step":15,"_wandb":{"runtime":1476},"val_loss":3.433136224746704}