{"_runtime":599.993295379,"_step":36,"_wandb":{"runtime":601},"val_loss":5.257142066955566,"step":1770,"_timestamp":1.7482644450529122e+09}