{"_timestamp":1.7481685753302145e+09,"_runtime":286.27576695,"_step":0,"val_loss":5.544672012329102,"step":1770,"_wandb":{"runtime":287}}