{"_step":0,"_wandb":{"runtime":240},"val_loss":5.482752799987793,"step":1770,"_timestamp":1.748171788019736e+09,"_runtime":240.025732503}