{"_runtime":593.884060653,"_wandb":{"runtime":595},"_step":36,"val_loss":5.415263652801514,"step":1770,"_timestamp":1.7482047360115678e+09}