{"step":1770,"_timestamp":1.748367411983605e+09,"_runtime":1552.937705904,"_step":15,"_wandb":{"runtime":1554},"val_loss":3.432084560394287}