{"_step":0,"_wandb":{"runtime":243},"val_loss":5.428191184997559,"step":1770,"_timestamp":1.7481740230095806e+09,"_runtime":241.12485649}