{"step":1770,"_timestamp":1.7483606250265603e+09,"_runtime":1548.192593899,"_wandb":{"runtime":1550},"_step":15,"val_loss":3.5396955013275146}