{"_step":36,"val_loss":5.300716400146484,"step":1770,"_wandb":{"runtime":1151},"_timestamp":1.7482622563879757e+09,"_runtime":1143.793889116}