{"_step":36,"_wandb":{"runtime":945},"val_loss":5.882392406463623,"step":1770,"_timestamp":1.7481560067916281e+09,"_runtime":943.34497342}