{"_runtime":1546.692084588,"_step":15,"_wandb":{"runtime":1548},"val_loss":3.4073264598846436,"step":1770,"_timestamp":1.7483658496331928e+09}