{"_timestamp":1.7481705448816824e+09,"_runtime":240.536758768,"_step":0,"_wandb":{"runtime":242},"val_loss":5.504012107849121,"step":1770}