{"_step":36,"val_loss":5.276688575744629,"step":1770,"_wandb":{"runtime":840},"_timestamp":1.7481581208165722e+09,"_runtime":838.197687215}