{"_step":0,"val_loss":5.553835868835449,"_wandb":{"runtime":403},"step":1770,"_timestamp":1.7481649411466942e+09,"_runtime":401.979369913}