{"val_loss":6.451035976409912,"step":1770,"_timestamp":1.7482832000914893e+09,"_wandb":{"runtime":1492},"_runtime":1490.593398025,"_step":36}