{"_runtime":240.423982731,"_step":0,"_wandb":{"runtime":242},"val_loss":5.435810089111328,"step":1770,"_timestamp":1.7481707943987958e+09}