{"_wandb":{"runtime":1441},"step":1770,"_timestamp":1.7483541146439323e+09,"_runtime":1440.043030647,"_step":15,"val_loss":3.9406216144561768}