{"_timestamp":1.7481965196937191e+09,"_wandb":{"runtime":603},"_runtime":601.704399324,"_step":36,"val_loss":5.728007793426514,"step":1770}