{"_step":15,"val_loss":3.4579684734344482,"step":1770,"_timestamp":1.7484185033801513e+09,"_runtime":1488.376192816,"_wandb":{"runtime":1489}}