{"step":1770,"_wandb":{"runtime":603},"_timestamp":1.7482662386762204e+09,"_runtime":601.27911649,"_step":36,"val_loss":5.119476318359375}