{"val_loss":3.8099260330200195,"step":750,"_wandb":{"runtime":709},"_timestamp":1.7484004498212638e+09,"_runtime":645.775483922,"_step":6}