{"step":1770,"_timestamp":1.7483590669755855e+09,"_runtime":1545.153207676,"_step":15,"_wandb":{"runtime":1546},"val_loss":3.4629175662994385}