{"_timestamp":1.7481697532431939e+09,"_runtime":281.4687716,"_step":0,"_wandb":{"runtime":282},"val_loss":5.593249320983887,"step":1770}