{"_step":36,"val_loss":5.488144397735596,"step":1770,"_wandb":{"runtime":607},"_timestamp":1.748184695338096e+09,"_runtime":606.192467959}