{"_step":0,"_wandb":{"runtime":240},"val_loss":5.531163215637207,"step":1770,"_timestamp":1.7481732762741036e+09,"_runtime":239.684871851}