{"_timestamp":1.7481645306460962e+09,"_runtime":393.436711358,"_step":0,"_wandb":{"runtime":394},"val_loss":5.55779504776001,"step":1770}