{"_step":15,"val_loss":3.565237045288086,"step":1770,"_timestamp":1.7484051087735672e+09,"_runtime":1507.287938772,"_wandb":{"runtime":1508}}