{"_timestamp":1.7482817000087206e+09,"_runtime":1505.304681719,"_step":36,"val_loss":6.45314359664917,"step":1770,"_wandb":{"runtime":1507}}