{"step":1770,"_timestamp":1.7481928800351615e+09,"_runtime":600.743660256,"_wandb":{"runtime":602},"_step":36,"val_loss":5.499657154083252}