{"_timestamp":1.748183471194425e+09,"_runtime":599.730371635,"_step":36,"_wandb":{"runtime":600},"val_loss":5.334946155548096,"step":1770}