{"_step":0,"_wandb":{"runtime":240},"val_loss":5.437150001525879,"step":1770,"_timestamp":1.748173524113638e+09,"_runtime":239.551525046}