{"_timestamp":1.748194104084226e+09,"_runtime":599.251798159,"_step":36,"_wandb":{"runtime":601},"val_loss":5.718570709228516,"step":1770}