{"_step":36,"_wandb":{"runtime":609},"val_loss":5.332106113433838,"step":1770,"_timestamp":1.7482065740697684e+09,"_runtime":607.42057682}