{"_runtime":239.873762667,"_step":0,"_wandb":{"runtime":241},"val_loss":5.494819641113281,"step":1770,"_timestamp":1.7481722840380163e+09}