{"_step":15,"val_loss":3.419347047805786,"step":1770,"_timestamp":1.748412517428763e+09,"_runtime":1486.431788051,"_wandb":{"runtime":1488}}