{"_wandb":{"runtime":601},"_step":36,"val_loss":5.462546348571777,"step":1770,"_timestamp":1.7481840794154778e+09,"_runtime":599.280137076}