{"_step":0,"val_loss":5.635671138763428,"step":1770,"_wandb":{"runtime":494},"_timestamp":1.7481673524813864e+09,"_runtime":493.195010602}