{"_runtime":1517.245913769,"_step":36,"val_loss":6.52340030670166,"_wandb":{"runtime":1518},"step":1770,"_timestamp":1.7482786860768342e+09}