{"_wandb":{"runtime":597},"val_loss":5.396332740783691,"step":1770,"_timestamp":1.7481853006645458e+09,"_runtime":596.330224527,"_step":36}