{"_timestamp":1.7481720364769404e+09,"_runtime":240.103096856,"_step":0,"_wandb":{"runtime":241},"val_loss":5.510432720184326,"step":1770}