{"step":1770,"_timestamp":1.7481953196654763e+09,"_runtime":600.036760505,"_step":36,"_wandb":{"runtime":602},"val_loss":5.5835280418396}