{"_timestamp":1.7481828623967736e+09,"_wandb":{"runtime":608},"_runtime":606.522157494,"_step":36,"val_loss":5.473852157592773,"step":1770}