{"_runtime":598.188209622,"_step":36,"val_loss":5.464837074279785,"step":1770,"_wandb":{"runtime":600},"_timestamp":1.7481822463171675e+09}