{"step":1770,"_timestamp":1.7483575124416926e+09,"_runtime":1549.419486582,"_step":15,"_wandb":{"runtime":1551},"val_loss":3.447641611099243}