{"val_loss":3.4325196743011475,"step":1770,"_timestamp":1.7483705638308966e+09,"_runtime":1566.020179207,"_step":15,"_wandb":{"runtime":1568}}